1,Stevana,Follett,sfollett0@live.com
2,Kelsi,Spawell,kspawell1@youtube.com
3,Laurella,Abercrombie,labercrombie2@youtu.be
4,Tad,Howsin,thowsin3@hc360.com
5,Harold,Quarry,hquarry4@nymag.com
6,Richart,Carne,rcarne5@wikispaces.com
7,Lyndsay,Ashelford,lashelford6@nature.com
8,Jordain,Skoughman,jskoughman7@noaa.gov
9,Gayla,Celand,gceland8@domainmarket.com
10,Jeri,Quarry,jquarry9@apache.org
11,Clementius,Caisley,ccaisleya@ft.com
12,El,Matterson,emattersonb@ebay.com
13,Donnie,Hinstock,dhinstockc@telegraph.co.uk
14,Merrilee,Oram,moramd@china.com.cn
15,Ingamar,Gladwell,igladwelle@reddit.com
16,Tabb,Segeswoeth,tsegeswoethf@cbsnews.com
17,Clara,Moores,cmooresg@unicef.org
18,Antonella,Woller,awollerh@photobucket.com
19,Maggy,Brinkley,mbrinkleyi@apache.org
20,Lorri,Biglin,lbiglinj@amazon.co.uk
21,Genevra,Cloy,gcloyk@google.es
22,Niki,Pimme,npimmel@mtv.com
23,Lanni,Rewcassell,lrewcassellm@sogou.com
24,Dianna,Bernth,dbernthn@scribd.com
25,Lurlene,Cocksedge,lcocksedgeo@bloomberg.com
26,Teddi,Puttrell,tputtrellp@paypal.com
27,Raviv,Spellman,rspellmanq@globo.com
28,Archibold,Phettis,aphettisr@printfriendly.com
29,Gregorius,Daventry,gdaventrys@facebook.com
30,Charlena,Seabrooke,cseabrooket@earthlink.net
31,Tonya,Bilney,tbilneyu@fda.gov
32,Benjy,Sebert,bsebertv@prweb.com
33,Mireielle,Teanby,mteanbyw@virginia.edu
34,Fitzgerald,Alvin,falvinx@indiatimes.com
35,Matteo,Hyndes,mhyndesy@smugmug.com
36,Pierce,Gillbe,pgillbez@illinois.edu
37,Malynda,Cawdell,mcawdell10@stanford.edu
38,Eugenius,McKintosh,emckintosh11@gizmodo.com
39,Lurette,Swalteridge,lswalteridge12@webeden.co.uk
40,Pamella,Dudill,pdudill13@wordpress.org
41,Kakalina,Cazin,kcazin14@bloomberg.com
42,Clay,Cleft,ccleft15@disqus.com
43,Cordey,Cordsen,ccordsen16@ed.gov
44,Amber,Crenage,acrenage17@ucoz.ru
45,Seumas,Knoton,sknoton18@miitbeian.gov.cn
46,Gibbie,Swayton,gswayton19@europa.eu
47,Ignatius,M'Chirrie,imchirrie1a@narod.ru
48,Eustace,McPeeters,emcpeeters1b@is.gd
49,Cesar,Donald,cdonald1c@theatlantic.com
50,Dniren,Mariyushkin,dmariyushkin1d@cyberchimps.com
51,Jarid,De Matteis,jdematteis1e@hibu.com
52,Ailee,Dunridge,adunridge1f@pcworld.com
53,Jamie,Etchell,jetchell1g@jugem.jp
54,Concordia,Heckle,checkle1h@webs.com
55,Kessia,Stampfer,kstampfer1i@infoseek.co.jp
56,Norry,Yerborn,nyerborn1j@economist.com
57,Adolpho,Beeton,abeeton1k@feedburner.com
58,Eleanor,Peer,epeer1l@weather.com
59,Sibylla,Asch,sasch1m@unesco.org
60,Gilda,Sutch,gsutch1n@kickstarter.com
61,Kerk,Halsho,khalsho1o@soup.io
62,Gabriel,Steer,gsteer1p@gmpg.org
63,Octavius,Hellmer,ohellmer1q@storify.com
64,Dinnie,Klimov,dklimov1r@w3.org
65,Melonie,Grimditch,mgrimditch1s@theguardian.com
66,Talyah,Pockett,tpockett1t@scribd.com
67,Vevay,Ferson,vferson1u@mashable.com
68,Pail,Kerans,pkerans1v@yelp.com
69,Verile,Sooley,vsooley1w@wikispaces.com
70,Silvester,Jansema,sjansema1x@china.com.cn
71,Deloris,Hearsey,dhearsey1y@exblog.jp
72,Jay,MacWilliam,jmacwilliam1z@last.fm
73,Andra,Docket,adocket20@shutterfly.com
74,Demetris,Tregear,dtregear21@tinypic.com
75,Lynsey,Hazeldine,lhazeldine22@123-reg.co.uk
76,Bari,Troth,btroth23@digg.com
77,Roddy,Silverson,rsilverson24@wikimedia.org
78,Sascha,Ney,sney25@qq.com
79,Jasmin,Fairbrace,jfairbrace26@deviantart.com
80,Dorey,Baughan,dbaughan27@archive.org
81,Sholom,Sibary,ssibary28@shop-pro.jp
82,Cheryl,Chetter,cchetter29@nifty.com
83,Misha,Geard,mgeard2a@google.fr
84,Elayne,Errington,eerrington2b@bigcartel.com
85,Lissi,Matantsev,lmatantsev2c@ihg.com
86,Madalyn,Trusler,mtrusler2d@reference.com
87,Layla,Garside,lgarside2e@cbsnews.com
88,Lock,Larvent,llarvent2f@example.com
89,Cherish,Childrens,cchildrens2g@biglobe.ne.jp
90,Dagmar,Chettle,dchettle2h@is.gd
91,Raquela,Littlefield,rlittlefield2i@linkedin.com
92,Nicolais,Jeanin,njeanin2j@lycos.com
93,Duky,Creek,dcreek2k@e-recht24.de
94,Kassia,Struijs,kstruijs2l@ifeng.com
95,Deborah,Minchenton,dminchenton2m@foxnews.com
96,Scarface,Manser,smanser2n@topsy.com
97,Gayle,Connick,gconnick2o@oakley.com
98,Reine,Weaving,rweaving2p@wiley.com
99,Rora,Hadgkiss,rhadgkiss2q@constantcontact.com
100,Titus,Licciardi,tlicciardi2r@liveinternet.ru
101,Charlotte,Choke,cchoke2s@usa.gov
102,Ceciley,Cursey,ccursey2t@hatena.ne.jp
103,Leonard,Vaud,lvaud2u@utexas.edu
104,Torrey,Marron,tmarron2v@studiopress.com
105,Pembroke,Jarrette,pjarrette2w@wix.com
106,Arlie,Brideau,abrideau2x@barnesandnoble.com
107,Gillan,Southon,gsouthon2y@marriott.com
108,Starlene,McKelvey,smckelvey2z@mit.edu
109,Charlean,Mattioni,cmattioni30@phpbb.com
110,Karlens,Kellog,kkellog31@si.edu
111,Tiffanie,Ferre,tferre32@si.edu
112,Jaclyn,Neiland,jneiland33@livejournal.com
113,Filia,Oakenfall,foakenfall34@canalblog.com
114,Sutherlan,Kynder,skynder35@yahoo.com
115,Kayne,Maudling,kmaudling36@hexun.com
116,Leonora,Haddacks,lhaddacks37@360.cn
117,Nickolaus,Airey,nairey38@ow.ly
118,Mignonne,Leverette,mleverette39@list-manage.com
119,Bridie,Spirritt,bspirritt3a@hexun.com
120,Cecilio,Wyatt,cwyatt3b@domainmarket.com
121,Ruddy,Drummond,rdrummond3c@webs.com
122,Abba,Cobb,acobb3d@surveymonkey.com
123,Jennine,Duffrie,jduffrie3e@netscape.com
124,Chauncey,Lusher,clusher3f@shutterfly.com
125,Antonio,Vellden,avellden3g@delicious.com
126,Jonie,Mewes,jmewes3h@taobao.com
127,Constancia,Shrieve,cshrieve3i@quantcast.com
128,Petrina,Bilston,pbilston3j@ft.com
129,Neal,Joplin,njoplin3k@bravesites.com
130,Davita,Fittis,dfittis3l@ca.gov
131,Yank,Pinshon,ypinshon3m@ucoz.ru
132,Duncan,Haggett,dhaggett3n@blinklist.com
133,Mendy,Woliter,mwoliter3o@unesco.org
134,Nero,Goracci,ngoracci3p@bandcamp.com
135,Bearnard,Locock,blocock3q@paginegialle.it
136,Yance,Meadows,ymeadows3r@aboutads.info
137,Shani,De Blasi,sdeblasi3s@purevolume.com
138,Bambie,Surmeyer,bsurmeyer3t@t-online.de
139,Retha,MacInnes,rmacinnes3u@bloomberg.com
140,Irving,Doy,idoy3v@gmpg.org
141,Fredek,Flather,fflather3w@creativecommons.org
142,Marie-jeanne,Morse,mmorse3x@sciencedaily.com
143,Kristyn,Pacht,kpacht3y@skyrock.com
144,Adelice,Sanger,asanger3z@sogou.com
145,Humphrey,BURWIN,hburwin40@digg.com
146,Larissa,Dryburgh,ldryburgh41@parallels.com
147,Marisa,Doust,mdoust42@tinypic.com
148,Marion,Crother,mcrother43@hhs.gov
149,Timothee,Abrey,tabrey44@google.ru
150,Susannah,McCusker,smccusker45@ucla.edu
151,Marguerite,Lockitt,mlockitt46@deviantart.com
152,Celene,Stonall,cstonall47@twitter.com
153,Elsa,Debold,edebold48@phpbb.com
154,Minni,Roderham,mroderham49@statcounter.com
155,Hamnet,Lantaph,hlantaph4a@plala.or.jp
156,Meyer,Eckart,meckart4b@joomla.org
157,Addie,Denzey,adenzey4c@seesaa.net
158,Bren,Bills,bbills4d@nba.com
159,Margalit,Tawton,mtawton4e@tinyurl.com
160,Cathe,Poyle,cpoyle4f@yandex.ru
161,Tristam,Charer,tcharer4g@naver.com
162,Zsazsa,Jancic,zjancic4h@google.cn
163,Kirk,Fellibrand,kfellibrand4i@hp.com
164,Johnathon,Elan,jelan4j@marriott.com
165,Allan,Beaumont,abeaumont4k@nydailynews.com
166,Trescha,Okell,tokell4l@reverbnation.com
167,Pasquale,Sigmund,psigmund4m@addthis.com
168,Heda,Dobsons,hdobsons4n@woothemes.com
169,Ruperta,Volleth,rvolleth4o@ycombinator.com
170,Candice,Brookzie,cbrookzie4p@livejournal.com
171,Felipa,Neill,fneill4q@wisc.edu
172,Jackie,Cardwell,jcardwell4r@amazon.co.uk
173,Karisa,Faveryear,kfaveryear4s@yellowbook.com
174,Mag,Poltun,mpoltun4t@eventbrite.com
175,Angelo,Rodenborch,arodenborch4u@technorati.com
176,Carlynn,Aldridge,caldridge4v@marriott.com
177,Annadiane,Leven,aleven4w@networksolutions.com
178,Ancell,McMennum,amcmennum4x@dell.com
179,Katrine,Uridge,kuridge4y@icq.com
180,Dedie,Brownlow,dbrownlow4z@hexun.com
181,Harri,Sterry,hsterry50@usa.gov
182,Bonita,Andreasson,bandreasson51@mapy.cz
183,Dawn,Peye,dpeye52@nationalgeographic.com
184,Sandy,Fleckness,sfleckness53@cnn.com
185,Mamie,Razzell,mrazzell54@dyndns.org
186,Joline,Hayhurst,jhayhurst55@people.com.cn
187,Barri,Diem,bdiem56@bravesites.com
188,Griswold,Lehmann,glehmann57@flavors.me
189,Pierce,Whitnell,pwhitnell58@hexun.com
190,Derrick,Yelding,dyelding59@narod.ru
191,Shaylyn,Youles,syoules5a@opera.com
192,Shalna,Pharaoh,spharaoh5b@theguardian.com
193,Oberon,Whitwood,owhitwood5c@cyberchimps.com
194,Nerita,Halvosen,nhalvosen5d@devhub.com
195,Tabbie,Scholling,tscholling5e@scientificamerican.com
196,Theresita,Mattaus,tmattaus5f@irs.gov
197,Jerrold,Alenov,jalenov5g@domainmarket.com
198,Olia,Tennick,otennick5h@blog.com
199,Corrie,Shearwood,cshearwood5i@usgs.gov
200,Jaquith,Click,jclick5j@reverbnation.com
201,Odelle,Lorryman,olorryman5k@auda.org.au
202,Kalvin,Perris,kperris5l@4shared.com
203,Gayel,Tatters,gtatters5m@ucla.edu
204,Aurelea,Bowler,abowler5n@topsy.com
205,Gillian,Titcom,gtitcom5o@ftc.gov
206,Barry,Ciccotto,bciccotto5p@geocities.jp
207,Emmy,Filov,efilov5q@cbc.ca
208,Simeon,Hallt,shallt5r@miitbeian.gov.cn
209,Quintilla,Cantillion,qcantillion5s@example.com
210,Joela,Abbiss,jabbiss5t@kickstarter.com
211,Alon,Birrel,abirrel5u@wordpress.com
212,Felice,Scrivin,fscrivin5v@istockphoto.com
213,Pedro,Slessar,pslessar5w@shutterfly.com
214,Rolando,Waterstone,rwaterstone5x@mtv.com
215,Morena,Championnet,mchampionnet5y@exblog.jp
216,Gwenette,Mascall,gmascall5z@oakley.com
217,Dorisa,Tootal,dtootal60@upenn.edu
218,Billie,Metham,bmetham61@wordpress.org
219,Cristi,Elsip,celsip62@rakuten.co.jp
220,Deborah,Coot,dcoot63@utexas.edu
221,Torry,Bridgstock,tbridgstock64@census.gov
222,Patience,Garken,pgarken65@oakley.com
223,Clare,Bock,cbock66@miitbeian.gov.cn
224,Basia,Plumtree,bplumtree67@go.com
225,Manfred,Spitaro,mspitaro68@gizmodo.com
226,Audrie,Spacey,aspacey69@zdnet.com
227,Ermengarde,Cyson,ecyson6a@reference.com
228,Desiri,Gladdolph,dgladdolph6b@army.mil
229,Merilee,Ocklin,mocklin6c@t-online.de
230,Tremayne,Strafford,tstrafford6d@bloomberg.com
231,Adolphus,Cathersides,acathersides6e@earthlink.net
232,Sarge,Roskrug,sroskrug6f@sfgate.com
233,Delmar,Ceresa,dceresa6g@linkedin.com
234,Erny,Kemsley,ekemsley6h@cloudflare.com
235,Annabella,Bortolotti,abortolotti6i@bizjournals.com
236,Malynda,Jonson,mjonson6j@independent.co.uk
237,Hildegarde,Delea,hdelea6k@utexas.edu
238,Brice,Orr,borr6l@hostgator.com
239,Sergeant,Petican,spetican6m@sbwire.com
240,Alvie,Germann,agermann6n@army.mil
241,Gaston,Edgson,gedgson6o@wp.com
242,Cole,Jansky,cjansky6p@wp.com
243,Hermina,Roote,hroote6q@trellian.com
244,Antonina,Sturges,asturges6r@stumbleupon.com
245,Sheilakathryn,Edeler,sedeler6s@google.com.hk
246,Leyla,Woodfine,lwoodfine6t@ucla.edu
247,Jay,Beer,jbeer6u@discovery.com
248,Ingar,Greenrod,igreenrod6v@unesco.org
249,Marissa,Chatteris,mchatteris6w@sogou.com
250,Maddy,Murphey,mmurphey6x@google.com
251,Guillaume,Vogelein,gvogelein6y@discuz.net
252,Portie,Etheredge,petheredge6z@so-net.ne.jp
253,Theresa,Harnor,tharnor70@umn.edu
254,Emmerich,MacGeffen,emacgeffen71@prlog.org
255,Cristy,Mendus,cmendus72@angelfire.com
256,Lincoln,Stoves,lstoves73@google.ca
257,Barth,Ghilardini,bghilardini74@elpais.com
258,Elvis,Shewon,eshewon75@si.edu
259,Orren,Dorin,odorin76@cornell.edu
260,Miner,Booi,mbooi77@tmall.com
261,Stefanie,Dene,sdene78@pcworld.com
262,Carolyn,Bulman,cbulman79@so-net.ne.jp
263,Nefen,Oxberry,noxberry7a@miibeian.gov.cn
264,Andie,Verheyden,averheyden7b@weather.com
265,Gaultiero,Dudliston,gdudliston7c@qq.com
266,Floyd,Jepensen,fjepensen7d@skyrock.com
267,Minor,Dockrill,mdockrill7e@pcworld.com
268,Lindsy,Broomhead,lbroomhead7f@yelp.com
269,Atlante,Medforth,amedforth7g@umich.edu
270,Carlie,Kuzma,ckuzma7h@redcross.org
271,Della,Skermer,dskermer7i@buzzfeed.com
272,Jannelle,Meineken,jmeineken7j@nyu.edu
273,Agneta,Cumbers,acumbers7k@google.com.br
274,Suzanne,Gogarty,sgogarty7l@quantcast.com
275,Bax,Szymczyk,bszymczyk7m@cornell.edu
276,Marlene,Newbold,mnewbold7n@nyu.edu
277,Conchita,Blance,cblance7o@newsvine.com
278,Mordy,Cawthorne,mcawthorne7p@cafepress.com
279,Rob,Lambis,rlambis7q@geocities.com
280,Melinda,Plaskitt,mplaskitt7r@bbb.org
281,Indira,Feeney,ifeeney7s@google.es
282,Cris,Pinkney,cpinkney7t@kickstarter.com
283,Dre,Stapforth,dstapforth7u@pbs.org
284,Bord,Bittleson,bbittleson7v@cafepress.com
285,Garwood,Fosken,gfosken7w@printfriendly.com
286,Kally,Yielding,kyielding7x@artisteer.com
287,Kerri,Brickwood,kbrickwood7y@google.com.au
288,Bruce,Stenton,bstenton7z@nba.com
289,Hanna,Pennick,hpennick80@wikia.com
290,Hadria,Grisbrook,hgrisbrook81@linkedin.com
291,Timmi,Donisthorpe,tdonisthorpe82@amazon.de
292,Hilary,Lowde,hlowde83@mail.ru
293,Madison,Muncie,mmuncie84@usda.gov
294,Hercules,Rieme,hrieme85@flickr.com
295,Hart,Brundall,hbrundall86@noaa.gov
296,Sinclair,May,smay87@blogger.com
297,Frederigo,McGarry,fmcgarry88@mozilla.com
298,Marje,Boshard,mboshard89@adobe.com
299,Karla,Tethacot,ktethacot8a@foxnews.com
300,Markos,Brand,mbrand8b@home.pl
301,Leanor,Brill,lbrill8c@hexun.com
302,Findley,Makepeace,fmakepeace8d@examiner.com
303,Jonell,Rayner,jrayner8e@nydailynews.com
304,Brooks,Cawdell,bcawdell8f@newyorker.com
305,Brnaba,Okey,bokey8g@dell.com
306,Lizzie,Lile,llile8h@phpbb.com
307,Lind,Clampett,lclampett8i@paypal.com
308,Celesta,Godber,cgodber8j@buzzfeed.com
309,Annmarie,Whitechurch,awhitechurch8k@360.cn
310,Gian,Gethouse,ggethouse8l@archive.org
311,Bron,Zollner,bzollner8m@marriott.com
312,Lorain,Isenor,lisenor8n@epa.gov
313,Rubin,McArd,rmcard8o@businessweek.com
314,Theo,Cragoe,tcragoe8p@google.co.jp
315,Kial,Kleinstub,kkleinstub8q@gnu.org
316,Leo,Jaffrey,ljaffrey8r@umich.edu
317,Janifer,Langstone,jlangstone8s@addtoany.com
318,Derek,Munning,dmunning8t@ucsd.edu
319,Conchita,Younie,cyounie8u@bloglines.com
320,Prentice,Erie,perie8v@japanpost.jp
321,Colly,Foad,cfoad8w@people.com.cn
322,Ezmeralda,Mungane,emungane8x@instagram.com
323,Raquela,Preddy,rpreddy8y@trellian.com
324,Isis,Acres,iacres8z@ask.com
325,Stacee,Cassius,scassius90@creativecommons.org
326,Hollyanne,Ville,hville91@foxnews.com
327,Pru,Nanson,pnanson92@slashdot.org
328,Viviyan,Jime,vjime93@army.mil
329,Burl,Rusling,brusling94@wikipedia.org
330,Ralina,Hacard,rhacard95@time.com
331,Oliy,Cutchey,ocutchey96@yellowpages.com
332,Aubrey,Wolfe,awolfe97@microsoft.com
333,Tiffi,de Zamora,tdezamora98@youku.com
334,Phillipp,O' Shea,poshea99@hhs.gov
335,Brooke,Rutley,brutley9a@yellowbook.com
336,Sascha,Poynter,spoynter9b@wisc.edu
337,Reagan,Brounfield,rbrounfield9c@smh.com.au
338,Caresa,Girardez,cgirardez9d@drupal.org
339,Gertruda,Scarr,gscarr9e@free.fr
340,Gaylor,Eliaz,geliaz9f@yandex.ru
341,Crista,Slater,cslater9g@t.co
342,Silas,Bracchi,sbracchi9h@sohu.com
343,Giuseppe,Shurlock,gshurlock9i@comsenz.com
344,Chilton,Tolumello,ctolumello9j@prnewswire.com
345,Wilhelmine,Ceschelli,wceschelli9k@illinois.edu
346,Misha,Mabbett,mmabbett9l@tmall.com
347,Virgie,Arlet,varlet9m@ebay.co.uk
348,Leanor,Lean,llean9n@patch.com
349,Percy,Simnor,psimnor9o@va.gov
350,Conny,Giraux,cgiraux9p@wix.com
351,Gabi,Venturoli,gventuroli9q@upenn.edu
352,Marj,Baggallay,mbaggallay9r@about.com
353,Ileana,Otter,iotter9s@infoseek.co.jp
354,Garry,Boykett,gboykett9t@ifeng.com
355,Albertine,Loffhead,aloffhead9u@weibo.com
356,Jenica,Rittelmeyer,jrittelmeyer9v@apache.org
357,Leanna,Fansy,lfansy9w@g.co
358,Orlando,Normavell,onormavell9x@miibeian.gov.cn
359,Reid,Mulvaney,rmulvaney9y@list-manage.com
360,Daisy,Slimm,dslimm9z@wordpress.org
361,Birgitta,Insoll,binsolla0@springer.com
362,Susana,Worsfold,sworsfolda1@constantcontact.com
363,Jobi,Overstone,joverstonea2@google.fr
364,Theressa,Wick,twicka3@sbwire.com
365,Sinclare,Thomson,sthomsona4@wp.com
366,Paola,Gipp,pgippa5@tamu.edu
367,Melina,Fairbairn,mfairbairna6@wikia.com
368,Vite,Hacket,vhacketa7@twitter.com
369,Steffi,Petrina,spetrinaa8@elpais.com
370,Cordell,Messer,cmessera9@live.com
371,Kalila,Ghelerdini,kghelerdiniaa@squarespace.com
372,Fielding,Laffling,flafflingab@indiatimes.com
373,Bess,Maud,bmaudac@sogou.com
374,Minnaminnie,Capewell,mcapewellad@t-online.de
375,Marcellina,Hazle,mhazleae@upenn.edu
376,Dolly,Narraway,dnarrawayaf@va.gov
377,Ring,Wignall,rwignallag@weather.com
378,Gustaf,Lampen,glampenah@usgs.gov
379,Phillis,Gavey,pgaveyai@economist.com
380,Marielle,Woolbrook,mwoolbrookaj@amazon.com
381,Jobyna,Pulbrook,jpulbrookak@kickstarter.com
382,Damara,Redmore,dredmoreal@blogger.com
383,Tomas,Burcher,tburcheram@homestead.com
384,Lee,Hathway,lhathwayan@mapy.cz
385,Gabrila,Fronks,gfronksao@tripod.com
386,Martie,Stapleton,mstapletonap@nifty.com
387,Nanette,Barthrop,nbarthropaq@simplemachines.org
388,Teresina,Sussans,tsussansar@reuters.com
389,Katerine,Heggison,kheggisonas@t.co
390,Germain,Joselovitch,gjoselovitchat@goo.ne.jp
391,Dallas,Mousley,dmousleyau@reference.com
392,Hatti,Van Arsdale,hvanarsdaleav@a8.net
393,Sunny,Ribbon,sribbonaw@utexas.edu
394,Pier,Skupinski,pskupinskiax@stanford.edu
395,Emlen,Wiersma,ewiersmaay@youtu.be
396,Tiffy,Shemmin,tshemminaz@microsoft.com
397,Judye,Caldron,jcaldronb0@unicef.org
398,Liam,Schultz,lschultzb1@independent.co.uk
399,Bruis,Poyzer,bpoyzerb2@discuz.net
400,Shandeigh,Yancey,syanceyb3@auda.org.au
401,Reina,Keller,rkellerb4@ibm.com
402,Daffy,Loxdale,dloxdaleb5@redcross.org
403,Deerdre,Blazeby,dblazebyb6@ycombinator.com
404,Cory,Louiset,clouisetb7@people.com.cn
405,Nickie,Burrett,nburrettb8@rediff.com
406,Prudence,Cavendish,pcavendishb9@ft.com
407,Fernando,Bamber,fbamberba@ucoz.com
408,Prue,Tombs,ptombsbb@tamu.edu
409,Cord,Danett,cdanettbc@free.fr
410,Daveta,Dalliwater,ddalliwaterbd@psu.edu
411,Ciro,Harcus,charcusbe@chronoengine.com
412,Lillis,Whannel,lwhannelbf@fc2.com
413,Lawton,Carradice,lcarradicebg@4shared.com
414,Lethia,Skip,lskipbh@pbs.org
415,Desirae,Stoneman,dstonemanbi@state.gov
416,Linda,Bygrove,lbygrovebj@ft.com
417,Hersch,Trevena,htrevenabk@163.com
418,Josepha,Amorts,jamortsbl@accuweather.com
419,Thaxter,Rosenhaus,trosenhausbm@boston.com
420,Andriana,Meadmore,ameadmorebn@noaa.gov
421,Keeley,Weavill,kweavillbo@acquirethisname.com
422,Jenica,Gerauld,jgerauldbp@mashable.com
423,Daisie,Nower,dnowerbq@clickbank.net
424,Colver,Mattheis,cmattheisbr@yahoo.co.jp
425,Kiley,Chatburn,kchatburnbs@icq.com
426,Angus,Gallandre,agallandrebt@naver.com
427,Linn,Queyos,lqueyosbu@uol.com.br
428,Gregorius,Yellep,gyellepbv@ezinearticles.com
429,Nerissa,Kimberly,nkimberlybw@ezinearticles.com
430,Ash,Halliberton,ahallibertonbx@pbs.org
431,Shaylah,Djokovic,sdjokovicby@gmpg.org
432,Betti,Newberry,bnewberrybz@vinaora.com
433,Ninette,Blackburn,nblackburnc0@squarespace.com
434,Hildy,Feldklein,hfeldkleinc1@jiathis.com
435,Arin,Duer,aduerc2@statcounter.com
436,Carr,Lattie,clattiec3@exblog.jp
437,Rutter,Daviddi,rdaviddic4@dion.ne.jp
438,Bartholemy,Hendren,bhendrenc5@g.co
439,Eolanda,De Fraine,edefrainec6@umich.edu
440,Orren,Bothram,obothramc7@dion.ne.jp
441,Olivia,Jeannequin,ojeannequinc8@purevolume.com
442,Kimbra,D'Arrigo,kdarrigoc9@fda.gov
443,Tallie,Krysztowczyk,tkrysztowczykca@umich.edu
444,Cristiano,Woolcocks,cwoolcockscb@skyrock.com
445,Sigrid,Bramham,sbramhamcc@t-online.de
446,Tome,Gymblett,tgymblettcd@ucoz.com
447,Cully,Gronaver,cgronaverce@census.gov
448,Gavrielle,Sterling,gsterlingcf@vimeo.com
449,Page,McGuffie,pmcguffiecg@forbes.com
450,Daniella,Casebourne,dcasebournech@gmpg.org
451,Lyndel,Florez,lflorezci@seattletimes.com
452,Mal,Dubery,mduberycj@cargocollective.com
453,Vida,McRobb,vmcrobbck@earthlink.net
454,Teddy,Lamperd,tlamperdcl@ameblo.jp
455,Palmer,Bywaters,pbywaterscm@google.nl
456,Teri,Selcraig,tselcraigcn@google.co.jp
457,Fernandina,Lavens,flavensco@quantcast.com
458,Danny,Caltera,dcalteracp@example.com
459,Elsbeth,Gierok,egierokcq@craigslist.org
460,Shaina,Syrett,ssyrettcr@globo.com
461,Maddi,Ziemsen,mziemsencs@stumbleupon.com
462,Zechariah,Tunnah,ztunnahct@sfgate.com
463,Nicola,Prenty,nprentycu@hatena.ne.jp
464,Viva,Lambden,vlambdencv@npr.org
465,Lesya,Prinne,lprinnecw@photobucket.com
466,Briana,Chippindall,bchippindallcx@comcast.net
467,Read,Jakeman,rjakemancy@kickstarter.com
468,Gaby,Parry,gparrycz@sfgate.com
469,Erick,Koppen,ekoppend0@over-blog.com
470,Fredrika,Wasling,fwaslingd1@wordpress.com
471,Mommy,Ridgwell,mridgwelld2@indiatimes.com
472,Dierdre,Alvin,dalvind3@paypal.com
473,Sherwood,Michelet,smicheletd4@dropbox.com
474,Renaud,Jamrowicz,rjamrowiczd5@51.la
475,Miran,Eite,meited6@php.net
476,Georgie,Raiment,graimentd7@umich.edu
477,Randi,Orrock,rorrockd8@irs.gov
478,Towny,Siseland,tsiselandd9@si.edu
479,Salome,Pardon,spardonda@artisteer.com
480,Klement,Gyves,kgyvesdb@guardian.co.uk
481,Darice,Lusted,dlusteddc@hexun.com
482,Sheri,Trowl,strowldd@cpanel.net
483,Lorianne,Rabjohns,lrabjohnsde@wikipedia.org
484,Peggy,Kaliszewski,pkaliszewskidf@addtoany.com
485,Latisha,Bartley,lbartleydg@si.edu
486,Jedediah,Housego,jhousegodh@apache.org
487,Ruthanne,Wipfler,rwipflerdi@soup.io
488,Kristofer,Fareweather,kfareweatherdj@paginegialle.it
489,Sylvester,Enric,senricdk@stumbleupon.com
490,Reina,Aldis,raldisdl@sohu.com
491,Kelsy,Slimings,kslimingsdm@amazon.com
492,Dolly,Standingford,dstandingforddn@craigslist.org
493,Aurlie,Leavold,aleavolddo@europa.eu
494,Henka,Roddie,hroddiedp@comcast.net
495,Conway,Bestwall,cbestwalldq@amazonaws.com
496,Arny,Biskupski,abiskupskidr@hao123.com
497,Stevie,Custard,scustardds@soup.io
498,Terrie,Taverner,ttavernerdt@ihg.com
499,Nicky,Brettoner,nbrettonerdu@techcrunch.com
500,Wolfy,Benit,wbenitdv@i2i.jp
501,Anton,Fuente,afuentedw@sfgate.com
502,Vaughan,Gartsyde,vgartsydedx@taobao.com
503,Rafferty,Hawe,rhawedy@army.mil
504,Carline,Whyteman,cwhytemandz@jigsy.com
505,Hermina,Blaise,hblaisee0@bandcamp.com
506,Barnie,Nellis,bnellise1@hostgator.com
507,Kial,Robertz,krobertze2@senate.gov
508,Cristy,Oxborough,coxboroughe3@alibaba.com
509,Clim,Kneebone,ckneebonee4@liveinternet.ru
510,Hamil,Dopson,hdopsone5@sun.com
511,Bea,Cooch,bcooche6@marriott.com
512,Danya,Hogsden,dhogsdene7@oaic.gov.au
513,Hazel,Kornousek,hkornouseke8@moonfruit.com
514,Shelagh,Kezar,skezare9@so-net.ne.jp
515,Rianon,Veall,rveallea@mit.edu
516,Lanette,Boughton,lboughtoneb@mail.ru
517,Basilio,Gerrets,bgerretsec@ucoz.com
518,Darcee,Harkess,dharkessed@networkadvertising.org
519,Mariann,Toye,mtoyeee@fema.gov
520,Godwin,Kiffin,gkiffinef@webnode.com
521,Cornelia,Leyton,cleytoneg@economist.com
522,Flin,Longhi,flonghieh@cnn.com
523,Ava,Belliard,abelliardei@myspace.com
524,Jeremie,Lumsdale,jlumsdaleej@elpais.com
525,Danielle,Botterman,dbottermanek@ycombinator.com
526,Ermin,Dunbabin,edunbabinel@webmd.com
527,Reynold,Inkster,rinksterem@icq.com
528,Cathleen,Chown,cchownen@hhs.gov
529,Rutherford,Winfrey,rwinfreyeo@npr.org
530,Karin,Wingate,kwingateep@blogger.com
531,Edwina,Woolatt,ewoolatteq@twitter.com
532,Gearard,D'Orsay,gdorsayer@reddit.com
533,Dara,Holston,dholstones@ft.com
534,Shelton,O'Curneen,socurneenet@wufoo.com
535,Saxon,Cornborough,scornborougheu@fema.gov
536,Ario,Pawley,apawleyev@vinaora.com
537,Peirce,Devonald,pdevonaldew@utexas.edu
538,Bamby,Paddingdon,bpaddingdonex@about.com
539,Evey,Jeaneau,ejeaneauey@dot.gov
540,Dennie,Alvarado,dalvaradoez@sfgate.com
541,Brittani,Antoniades,bantoniadesf0@i2i.jp
542,Mariele,Crady,mcradyf1@ihg.com
543,Ellery,Lamlin,elamlinf2@fema.gov
544,Lacie,Skpsey,lskpseyf3@state.gov
545,Curtis,Kelland,ckellandf4@so-net.ne.jp
546,Denney,Bulch,dbulchf5@seesaa.net
547,Konrad,Clemmens,kclemmensf6@quantcast.com
548,Verla,Lavarack,vlavarackf7@prnewswire.com
549,Rorie,Ucceli,ruccelif8@mysql.com
550,Keriann,Mityashin,kmityashinf9@i2i.jp
551,Sigfrid,Clamo,sclamofa@nhs.uk
552,Kennan,O'Keenan,kokeenanfb@foxnews.com
553,Ilysa,Winram,iwinramfc@sohu.com
554,Agnola,Weatherall,aweatherallfd@quantcast.com
555,Constantine,Cohani,ccohanife@illinois.edu
556,Carrol,Elkins,celkinsff@imdb.com
557,Ham,Arens,harensfg@howstuffworks.com
558,Walton,Neubigging,wneubiggingfh@51.la
559,Demetris,Cowpe,dcowpefi@patch.com
560,Jehanna,Ickovicz,jickoviczfj@fc2.com
561,Collin,Boddis,cboddisfk@archive.org
562,Wilfrid,Ginsie,wginsiefl@hatena.ne.jp
563,Maribeth,Vettore,mvettorefm@columbia.edu
564,Roderick,Wabersinke,rwabersinkefn@blogs.com
565,Damiano,Konke,dkonkefo@zdnet.com
566,Lief,Fullwood,lfullwoodfp@cyberchimps.com
567,Valerye,Fitzsymon,vfitzsymonfq@dailymotion.com
568,Daniella,Geffcock,dgeffcockfr@naver.com
569,Oliy,Testro,otestrofs@omniture.com
570,Maiga,Kubat,mkubatft@reference.com
571,Hieronymus,Amberger,hambergerfu@omniture.com
572,Gibby,Mowson,gmowsonfv@tripod.com
573,Ilene,Meggison,imeggisonfw@dion.ne.jp
574,Anne,Rouge,arougefx@virginia.edu
575,Lenci,Bilsford,lbilsfordfy@aol.com
576,Max,Teulier,mteulierfz@epa.gov
577,Durant,Oddey,doddeyg0@skyrock.com
578,Desi,Roseman,drosemang1@acquirethisname.com
579,Georgianna,Leftly,gleftlyg2@google.com
580,Tania,Giles,tgilesg3@cam.ac.uk
581,Niels,Skaif,nskaifg4@macromedia.com
582,Estelle,Sedgmond,esedgmondg5@woothemes.com
583,Rickard,Guisler,rguislerg6@illinois.edu
584,Manny,McDonough,mmcdonoughg7@seattletimes.com
585,Jon,Boerderman,jboerdermang8@scribd.com
586,Lucita,Frake,lfrakeg9@wikia.com
587,Bevon,Bjorkan,bbjorkanga@umn.edu
588,Naoma,Jeenes,njeenesgb@reddit.com
589,Mayne,Spilstead,mspilsteadgc@adobe.com
590,Khalil,Fettes,kfettesgd@instagram.com
591,Raychel,Wynett,rwynettge@google.cn
592,Ethelred,Filasov,efilasovgf@imdb.com
593,Avictor,Sacco,asaccogg@soundcloud.com
594,Angel,Caulder,acauldergh@usa.gov
595,Nathaniel,Kinnar,nkinnargi@zdnet.com
596,Romola,Farnall,rfarnallgj@dailymotion.com
597,Ewart,Winspur,ewinspurgk@craigslist.org
598,Auberon,Stratley,astratleygl@prweb.com
599,Bambie,Lugg,blugggm@imgur.com
600,Mareah,Fulker,mfulkergn@cbc.ca
601,Wildon,Kingaby,wkingabygo@dmoz.org
602,Georgianna,Towler,gtowlergp@comsenz.com
603,Larissa,Boutwell,lboutwellgq@fastcompany.com
604,Allistir,Heintsch,aheintschgr@biblegateway.com
605,Annie,Neising,aneisinggs@github.com
606,Zaccaria,Klimes,zklimesgt@tinypic.com
607,Baillie,Greenley,bgreenleygu@ed.gov
608,Lyndel,Taylorson,ltaylorsongv@oakley.com
609,Victoria,Lescop,vlescopgw@wikimedia.org
610,See,Nerney,snerneygx@vinaora.com
611,Roz,Yeabsley,ryeabsleygy@mac.com
612,Odille,Marriage,omarriagegz@quantcast.com
613,Norina,Pudding,npuddingh0@hhs.gov
614,Christin,Pifford,cpiffordh1@oakley.com
615,Rafaellle,Wotherspoon,rwotherspoonh2@naver.com
616,Wakefield,Haskayne,whaskayneh3@accuweather.com
617,Ginelle,Dilks,gdilksh4@wikia.com
618,Jacky,Spark,jsparkh5@hostgator.com
619,Hattie,Sleite,hsleiteh6@house.gov
620,Johnna,Laverty,jlavertyh7@mapy.cz
621,Rosamund,Springham,rspringhamh8@businessinsider.com
622,Marv,Crayton,mcraytonh9@chronoengine.com
623,Latrina,Buffery,lbufferyha@facebook.com
624,Janeta,Leach,jleachhb@mit.edu
625,Yance,Simonel,ysimonelhc@webnode.com
626,Graehme,Maris,gmarishd@devhub.com
627,Penelope,Mengue,pmenguehe@prlog.org
628,Analiese,Hendrichs,ahendrichshf@cpanel.net
629,Mariam,Starte,mstartehg@redcross.org
630,Erinn,Varnham,evarnhamhh@seesaa.net
631,Ronda,Coggan,rcogganhi@chronoengine.com
632,Alfy,Stanley,astanleyhj@comsenz.com
633,Norry,Edginton,nedgintonhk@twitpic.com
634,Flossy,Mortell,fmortellhl@jiathis.com
635,Katharina,Chace,kchacehm@mlb.com
636,Petronille,Fritchley,pfritchleyhn@vinaora.com
637,Gal,Yuryichev,gyuryichevho@cam.ac.uk
638,Ileana,Portlock,iportlockhp@bizjournals.com
639,Hill,Ragsdale,hragsdalehq@google.com.hk
640,Abdul,Adamczyk,aadamczykhr@cbsnews.com
641,Ernestus,Jickells,ejickellshs@free.fr
642,Klemens,Boshell,kboshellht@unicef.org
643,Harmonia,Guerrero,hguerrerohu@cam.ac.uk
644,Nari,Ballintyne,nballintynehv@google.nl
645,Hilarius,Alsop,halsophw@twitter.com
646,Ardisj,Walklate,awalklatehx@myspace.com
647,Marcelia,Lanfranconi,mlanfranconihy@latimes.com
648,Kanya,Balcock,kbalcockhz@msn.com
649,Miof mela,Arias,mariasi0@adobe.com
650,Zebulon,Harnell,zharnelli1@mozilla.org
651,Kennedy,Scolding,kscoldingi2@github.com
652,Lief,Colbrun,lcolbruni3@nba.com
653,Margery,Tresvina,mtresvinai4@slate.com
654,Mellisent,Musk,mmuski5@microsoft.com
655,Lacee,Matthewes,lmatthewesi6@google.com.br
656,Jania,Bonnick,jbonnicki7@google.de
657,Glen,Sterry,gsterryi8@sciencedaily.com
658,Avivah,Stones,astonesi9@epa.gov
659,Kimberlyn,Nutbrown,knutbrownia@dropbox.com
660,Inger,Fibbens,ifibbensib@yellowbook.com
661,Geralda,Gillian,ggillianic@omniture.com
662,Trix,Mulderrig,tmulderrigid@amazon.de
663,Perceval,Oman,pomanie@dell.com
664,Debee,Levinge,dlevingeif@biblegateway.com
665,Friedrich,Pettegree,fpettegreeig@meetup.com
666,Sarge,Proschek,sproschekih@reddit.com
667,Pennie,Ubsdell,pubsdellii@blogspot.com
668,Penny,Crummay,pcrummayij@prweb.com
669,Craggy,Van der Linde,cvanderlindeik@1688.com
670,Britte,Digwood,bdigwoodil@hubpages.com
671,Emanuele,Gilgryst,egilgrystim@fc2.com
672,Danila,Sargerson,dsargersonin@blinklist.com
673,Nickolai,Ciric,nciricio@clickbank.net
674,Christalle,Gadesby,cgadesbyip@hostgator.com
675,Trudie,Stephens,tstephensiq@feedburner.com
676,Madelle,Danett,mdanettir@list-manage.com
677,Francesco,Lindemann,flindemannis@phpbb.com
678,Roze,McGing,rmcgingit@sfgate.com
679,Dell,Burnsyde,dburnsydeiu@forbes.com
680,Maxi,Grundle,mgrundleiv@vimeo.com
681,Madelaine,Moxsom,mmoxsomiw@disqus.com
682,Mal,Antonnikov,mantonnikovix@plala.or.jp
683,Alexandrina,Firpi,afirpiiy@bbc.co.uk
684,Michael,Benediktovich,mbenediktovichiz@bluehost.com
685,Lawton,Glinde,lglindej0@webs.com
686,Antonio,Tockell,atockellj1@google.ru
687,Pren,Vinten,pvintenj2@msu.edu
688,Mariejeanne,Swancott,mswancottj3@samsung.com
689,Devon,Kochs,dkochsj4@de.vu
690,Caesar,Weatherburn,cweatherburnj5@omniture.com
691,Annabal,Arnell,aarnellj6@edublogs.org
692,Roanne,O'Bradane,robradanej7@gravatar.com
693,Hayward,O' Mara,homaraj8@stanford.edu
694,Alysa,Tynemouth,atynemouthj9@odnoklassniki.ru
695,Marna,Harries,mharriesja@amazon.com
696,Erie,Kyle,ekylejb@123-reg.co.uk
697,Lowe,Cosbey,lcosbeyjc@weibo.com
698,Carole,Waine,cwainejd@virginia.edu
699,Pen,Gwilliam,pgwilliamje@mashable.com
700,Gorden,Sheach,gsheachjf@kickstarter.com
701,Benito,Slide,bslidejg@pen.io
702,Warren,Foxall,wfoxalljh@webnode.com
703,Annice,Tann,atannji@nih.gov
704,Stephenie,MacLleese,smaclleesejj@bluehost.com
705,Daveen,Thoumas,dthoumasjk@vinaora.com
706,Tate,Huskinson,thuskinsonjl@sourceforge.net
707,Almira,Syer,asyerjm@china.com.cn
708,Terrence,Birdis,tbirdisjn@reference.com
709,Justen,Stubley,jstubleyjo@icio.us
710,Jeffrey,Fusco,jfuscojp@ca.gov
711,Waylen,Anstice,wansticejq@redcross.org
712,Aristotle,Glusby,aglusbyjr@zimbio.com
713,Hesther,Stemson,hstemsonjs@tinyurl.com
714,Dorene,Biesty,dbiestyjt@pen.io
715,Creighton,Adamini,cadaminiju@technorati.com
716,Latrena,Piecha,lpiechajv@amazon.co.jp
717,Timmie,Gantzer,tgantzerjw@bbc.co.uk
718,Harley,Arr,harrjx@upenn.edu
719,Keane,Boribal,kboribaljy@pinterest.com
720,Cordey,Lewcock,clewcockjz@cmu.edu
721,Eddy,Gabler,egablerk0@seesaa.net
722,Irene,Mackrill,imackrillk1@goo.ne.jp
723,Agosto,Mulrenan,amulrenank2@flavors.me
724,Georgianna,Bosse,gbossek3@spotify.com
725,Joy,Pryer,jpryerk4@epa.gov
726,Thornton,Longland,tlonglandk5@fotki.com
727,Yovonnda,Dayce,ydaycek6@bloomberg.com
728,Jordan,Trunchion,jtrunchionk7@google.ca
729,Abrahan,Maughan,amaughank8@census.gov
730,Ellis,Henderson,ehendersonk9@miitbeian.gov.cn
731,Teddie,Quinane,tquinaneka@unicef.org
732,Issy,Claussen,iclaussenkb@g.co
733,Carlynne,McElrea,cmcelreakc@google.fr
734,Dacy,Blest,dblestkd@paginegialle.it
735,Benny,Borchardt,bborchardtke@reddit.com
736,Arlen,Phalp,aphalpkf@google.co.jp
737,Thedric,Aim,taimkg@blog.com
738,Alexandros,Reglar,areglarkh@about.com
739,Wells,Pauling,wpaulingki@google.com.au
740,Delbert,Ramel,dramelkj@behance.net
741,Veriee,Velareal,vvelarealkk@census.gov
742,Rosetta,Yurchenko,ryurchenkokl@godaddy.com
743,Barclay,Felce,bfelcekm@jimdo.com
744,Armin,Housecroft,ahousecroftkn@github.io
745,Taddeusz,Branston,tbranstonko@dedecms.com
746,Nicki,Gabbitus,ngabbituskp@ucoz.ru
747,Joelynn,Hick,jhickkq@jugem.jp
748,Daisey,Peterson,dpetersonkr@marriott.com
749,Mona,Garrad,mgarradks@netvibes.com
750,Desirae,Freckingham,dfreckinghamkt@delicious.com
751,Rudolph,Slee,rsleeku@epa.gov
752,Carney,Margery,cmargerykv@bloglines.com
753,Wilt,Broske,wbroskekw@ucoz.ru
754,Scott,Dibden,sdibdenkx@salon.com
755,Normand,Kensett,nkensettky@51.la
756,Julio,Corlett,jcorlettkz@wiley.com
757,Jeni,Buy,jbuyl0@blogspot.com
758,Rakel,Joll,rjolll1@nhs.uk
759,Meredithe,Winterburn,mwinterburnl2@washington.edu
760,Robbert,Herrero,rherrerol3@mysql.com
761,Alene,Weavers,aweaversl4@arstechnica.com
762,Lynne,Buzin,lbuzinl5@livejournal.com
763,Yance,Tellenbroker,ytellenbrokerl6@t.co
764,Sigismondo,Fairclough,sfaircloughl7@dion.ne.jp
765,Bekki,Crocetto,bcrocettol8@hubpages.com
766,Joyan,Champken,jchampkenl9@cocolog-nifty.com
767,Onfroi,Chatwin,ochatwinla@wp.com
768,Hort,Kolyagin,hkolyaginlb@fda.gov
769,Josephine,Flay,jflaylc@blogger.com
770,Georgine,Valintine,gvalintineld@prnewswire.com
771,Deloria,Toman,dtomanle@hexun.com
772,Kalie,Paula,kpaulalf@foxnews.com
773,Stewart,Fine,sfinelg@bloomberg.com
774,Frazer,Cranch,fcranchlh@github.com
775,Gabbi,Vedenyapin,gvedenyapinli@mediafire.com
776,Karine,Joyner,kjoynerlj@msu.edu
777,Bonnibelle,Worley,bworleylk@berkeley.edu
778,Sharona,Benneton,sbennetonll@cisco.com
779,Zena,Goede,zgoedelm@biblegateway.com
780,Berk,Baxter,bbaxterln@hubpages.com
781,Nelia,Viegas,nviegaslo@imdb.com
782,Linda,Cowwell,lcowwelllp@so-net.ne.jp
783,Saul,Fynn,sfynnlq@biblegateway.com
784,Lora,Brach,lbrachlr@jimdo.com
785,Brook,Howkins,bhowkinsls@seesaa.net
786,Alberik,Glavis,aglavislt@biblegateway.com
787,Ramon,Morando,rmorandolu@adobe.com
788,Ingeborg,Date,idatelv@weebly.com
789,Valencia,Clouston,vcloustonlw@ezinearticles.com
790,Meryl,Griffoen,mgriffoenlx@ucsd.edu
791,Sabra,Hempel,shempelly@buzzfeed.com
792,Cozmo,McIlrath,cmcilrathlz@zimbio.com
793,Camille,Yushmanov,cyushmanovm0@reverbnation.com
794,Marshal,Lahive,mlahivem1@bravesites.com
795,Dani,Chalice,dchalicem2@shareasale.com
796,Anneliese,Alyokhin,aalyokhinm3@barnesandnoble.com
797,Felizio,McGinnis,fmcginnism4@squarespace.com
798,Brook,Kiddle,bkiddlem5@netlog.com
799,Brena,Grogor,bgrogorm6@ucla.edu
800,Ravi,Bridgeland,rbridgelandm7@blogtalkradio.com
801,Viola,Curreen,vcurreenm8@tinypic.com
802,Harrie,Alster,halsterm9@google.es
803,Doe,Lill,dlillma@tripadvisor.com
804,Montgomery,Goathrop,mgoathropmb@princeton.edu
805,Madonna,Amsberger,mamsbergermc@pen.io
806,Gianina,Clitherow,gclitherowmd@webs.com
807,Shepperd,Favey,sfaveyme@godaddy.com
808,Thomasin,Andrei,tandreimf@kickstarter.com
809,Dalenna,Matyushkin,dmatyushkinmg@ocn.ne.jp
810,Kaylyn,Gofforth,kgofforthmh@facebook.com
811,Cynthie,Paulou,cpauloumi@list-manage.com
812,Caresa,Mouat,cmouatmj@geocities.jp
813,Rhodia,Jellico,rjellicomk@boston.com
814,Karoly,MacArthur,kmacarthurml@slideshare.net
815,Margi,Scaplehorn,mscaplehornmm@yelp.com
816,Matthew,Kelso,mkelsomn@soundcloud.com
817,Leola,Aronovich,laronovichmo@noaa.gov
818,Lyndel,Stormont,lstormontmp@mediafire.com
819,Caz,Puddefoot,cpuddefootmq@so-net.ne.jp
820,Toiboid,Esel,teselmr@amazon.co.uk
821,Willa,Mokes,wmokesms@addtoany.com
822,Pedro,Stickins,pstickinsmt@oracle.com
823,Thaddus,Samme,tsammemu@timesonline.co.uk
824,Stormi,Jerams,sjeramsmv@dot.gov
825,Andris,Kopps,akoppsmw@census.gov
826,Betta,Geerits,bgeeritsmx@oracle.com
827,Monah,Frame,mframemy@microsoft.com
828,Chester,O'Reilly,coreillymz@cdbaby.com
829,Norma,Olechnowicz,nolechnowiczn0@cocolog-nifty.com
830,Kareem,Butterworth,kbutterworthn1@weebly.com
831,Bettine,Cadalleder,bcadalledern2@ed.gov
832,Drucie,Ker,dkern3@sciencedaily.com
833,Burnard,Dyke,bdyken4@is.gd
834,Norma,Risen,nrisenn5@illinois.edu
835,Brett,Housin,bhousinn6@google.ca
836,Charissa,Brech,cbrechn7@miitbeian.gov.cn
837,Aili,Scammonden,ascammondenn8@springer.com
838,Mei,Bitchener,mbitchenern9@uiuc.edu
839,Jenica,Crookshanks,jcrookshanksna@github.com
840,Tanney,Duly,tdulynb@desdev.cn
841,Bing,MacCaffery,bmaccafferync@nyu.edu
842,Lianne,Abrey,labreynd@themeforest.net
843,Sheilah,Newey,sneweyne@umn.edu
844,Aloisia,Vipan,avipannf@webmd.com
845,Brandie,Catmull,bcatmullng@oakley.com
846,Baird,Inch,binchnh@noaa.gov
847,Terrijo,Dearman,tdearmanni@globo.com
848,Clair,McGaugey,cmcgaugeynj@multiply.com
849,Leif,Jemmison,ljemmisonnk@prweb.com
850,Llywellyn,Benstead,lbensteadnl@purevolume.com
851,Vivia,Gribbins,vgribbinsnm@telegraph.co.uk
852,Vivie,Fyall,vfyallnn@techcrunch.com
853,Berkeley,Hitschke,bhitschkeno@discuz.net
854,Aldon,Ingon,aingonnp@kickstarter.com
855,Wilfrid,Ramsdale,wramsdalenq@ft.com
856,Mayor,Blanket,mblanketnr@youtube.com
857,Wash,Lewerenz,wlewerenzns@ucoz.ru
858,Aymer,Roberti,arobertint@ftc.gov
859,Rosaleen,Pirrone,rpirronenu@marketwatch.com
860,Bathsheba,Scripps,bscrippsnv@jimdo.com
861,Francine,Pellant,fpellantnw@w3.org
862,Selinda,Matches,smatchesnx@google.es
863,Pooh,Knibley,pknibleyny@wisc.edu
864,Gnni,Frisel,gfriselnz@bloomberg.com
865,Rhea,Unitt,runitto0@bigcartel.com
866,Garold,Croson,gcrosono1@freewebs.com
867,Howard,Riggott,hriggotto2@psu.edu
868,Averill,Scudamore,ascudamoreo3@eepurl.com
869,Tamas,Landsbury,tlandsburyo4@usatoday.com
870,Teressa,Rehm,trehmo5@home.pl
871,Denys,Simonini,dsimoninio6@prweb.com
872,Caril,Aggs,caggso7@ustream.tv
873,Fabien,Jean,fjeano8@mlb.com
874,Aurora,Holsey,aholseyo9@cpanel.net
875,Filbert,Hincham,fhinchamoa@icq.com
876,Berta,Fowler,bfowlerob@about.me
877,Leicester,Robus,lrobusoc@europa.eu
878,Ramonda,McKeggie,rmckeggieod@unicef.org
879,Ramsey,Corbally,rcorballyoe@theatlantic.com
880,Swen,Redford,sredfordof@state.gov
881,Putnam,Mallalieu,pmallalieuog@digg.com
882,Flynn,Mcimmie,fmcimmieoh@artisteer.com
883,Milly,Amery,mameryoi@studiopress.com
884,Zena,Getten,zgettenoj@pen.io
885,Konstantine,Deal,kdealok@google.nl
886,Aldrich,Firpi,afirpiol@biblegateway.com
887,Adham,Landon,alandonom@yellowbook.com
888,Stevie,Eronie,seronieon@ocn.ne.jp
889,Trudy,Noteyoung,tnoteyoungoo@stumbleupon.com
890,Gabriella,Barock,gbarockop@phpbb.com
891,Malena,Wesgate,mwesgateoq@e-recht24.de
892,Sarine,Duesberry,sduesberryor@1und1.de
893,Berti,Drewet,bdrewetos@unc.edu
894,Ned,Hasel,nhaselot@nyu.edu
895,Quintin,Annwyl,qannwylou@networkadvertising.org
896,Jordana,Goaks,jgoaksov@nyu.edu
897,Hertha,Clulee,hcluleeow@answers.com
898,Saul,Wolfart,swolfartox@toplist.cz
899,Ettore,Hughman,ehughmanoy@webs.com
900,Aggy,Banham,abanhamoz@technorati.com
901,Luce,Butteris,lbutterisp0@zdnet.com
902,Germain,Boshere,gbosherep1@fda.gov
903,Jorey,Mugford,jmugfordp2@businessweek.com
904,Adrianne,Stutte,astuttep3@github.com
905,Mandi,Stocks,mstocksp4@businessweek.com
906,Lin,Lamblot,llamblotp5@photobucket.com
907,Skipper,Barthelme,sbarthelmep6@multiply.com
908,Gerri,Oxtarby,goxtarbyp7@about.com
909,Jude,Woodhouse,jwoodhousep8@sfgate.com
910,Isak,Segrave,isegravep9@reference.com
911,Odo,Andreutti,oandreuttipa@ebay.co.uk
912,Mohandas,Hilling,mhillingpb@geocities.com
913,Gaylord,Mattin,gmattinpc@geocities.com
914,Barbey,Chooter,bchooterpd@edublogs.org
915,Normand,MacSweeney,nmacsweeneype@blogger.com
916,Georgeanne,Hawtry,ghawtrypf@sina.com.cn
917,Gavrielle,Blowick,gblowickpg@amazon.co.uk
918,Margret,Tilbrook,mtilbrookph@si.edu
919,Gerhardt,Bestall,gbestallpi@cocolog-nifty.com
920,Missie,Pallent,mpallentpj@sphinn.com
921,Orella,Garrish,ogarrishpk@washingtonpost.com
922,Eal,Kurtis,ekurtispl@scientificamerican.com
923,Abrahan,MacGillacolm,amacgillacolmpm@woothemes.com
924,Anselma,Begwell,abegwellpn@usda.gov
925,Nesta,Havers,nhaverspo@weibo.com
926,Joscelin,McDaid,jmcdaidpp@barnesandnoble.com
927,Rodolph,Lankester,rlankesterpq@loc.gov
928,Smitty,Cantwell,scantwellpr@etsy.com
929,Calypso,Challice,cchalliceps@mtv.com
930,Lauri,Goady,lgoadypt@ucsd.edu
931,Jamill,Coull,jcoullpu@qq.com
932,Shannah,Bick,sbickpv@usnews.com
933,Clementius,Ghio,cghiopw@ucla.edu
934,Genvieve,Kohnen,gkohnenpx@xing.com
935,Sella,Sibyllina,ssibyllinapy@bizjournals.com
936,Mari,Genty,mgentypz@microsoft.com
937,Tremayne,Folkerts,tfolkertsq0@businessinsider.com
938,Marysa,Greenman,mgreenmanq1@google.ca
939,Emili,Murrigan,emurriganq2@nps.gov
940,Shannon,Christy,schristyq3@simplemachines.org
941,Beckie,Acum,bacumq4@springer.com
942,Darcy,Beardshall,dbeardshallq5@smugmug.com
943,Noellyn,Songest,nsongestq6@indiegogo.com
944,Luca,Tigwell,ltigwellq7@google.it
945,Trudey,Delgadillo,tdelgadilloq8@1und1.de
946,Madelina,Crockatt,mcrockattq9@networksolutions.com
947,Chev,Rookledge,crookledgeqa@woothemes.com
948,Barnard,Franzman,bfranzmanqb@cdbaby.com
949,Torry,Howard - Gater,thowardgaterqc@bbb.org
950,Marlyn,Hankin,mhankinqd@marriott.com
951,Jimmy,Mathen,jmathenqe@wired.com
952,Clement,Desmond,cdesmondqf@who.int
953,Vidovic,Du Fray,vdufrayqg@whitehouse.gov
954,Kristel,Gynne,kgynneqh@census.gov
955,Bee,Brome,bbromeqi@pen.io
956,Dayna,Pingston,dpingstonqj@alibaba.com
957,Romonda,Cordel,rcordelqk@taobao.com
958,Dorothea,Spruce,dspruceql@nytimes.com
959,Nancee,Silburn,nsilburnqm@wikia.com
960,Hedvige,Spriggin,hsprigginqn@narod.ru
961,Glenine,Smallcombe,gsmallcombeqo@clickbank.net
962,Georgina,Rosingdall,grosingdallqp@mayoclinic.com
963,Benedict,McKimm,bmckimmqq@java.com
964,Kit,Nann,knannqr@nhs.uk
965,Creight,McGucken,cmcguckenqs@purevolume.com
966,Cherilynn,Paddie,cpaddieqt@smh.com.au
967,Alexandrina,Mosen,amosenqu@vkontakte.ru
968,Peria,Pierro,ppierroqv@thetimes.co.uk
969,Mirabel,Schuricke,mschurickeqw@weibo.com
970,Garik,Lynam,glynamqx@nytimes.com
971,Giacomo,Craigg,gcraiggqy@biglobe.ne.jp
972,Lyndy,Heiss,lheissqz@pbs.org
973,Rosetta,Osbourn,rosbournr0@over-blog.com
974,Kennedy,Weddeburn - Scrimgeour,kweddeburnscrimgeourr1@un.org
975,Lorri,Hagerty,lhagertyr2@php.net
976,Tansy,Heningham,theninghamr3@ustream.tv
977,Port,Bawcock,pbawcockr4@desdev.cn
978,Bernhard,O'Lennane,bolennaner5@elpais.com
979,Benedikta,St Quenin,bstqueninr6@ucoz.com
980,Agnola,Breukelman,abreukelmanr7@bbb.org
981,Yetta,Hugill,yhugillr8@feedburner.com
982,Curt,Soldner,csoldnerr9@huffingtonpost.com
983,Elsworth,Phelan,ephelanra@google.es
984,Danni,Regorz,dregorzrb@mlb.com
985,Amandi,Sumpton,asumptonrc@senate.gov
986,Sarita,Tringham,stringhamrd@princeton.edu
987,Kathy,Hischke,khischkere@nps.gov
988,Kacey,Buglass,kbuglassrf@upenn.edu
989,Edgard,Wride,ewriderg@fastcompany.com
990,Carlina,Cousen,ccousenrh@census.gov
991,Brander,Iglesias,biglesiasri@scientificamerican.com
992,Robbyn,Peakman,rpeakmanrj@prnewswire.com
993,Rourke,Perin,rperinrk@deviantart.com
994,Stefania,Eaglestone,seaglestonerl@marriott.com
995,Angelia,O'Bruen,aobruenrm@upenn.edu
996,Piotr,Stolworthy,pstolworthyrn@ovh.net
997,Diena,Varvell,dvarvellro@vkontakte.ru
998,Gothart,Shrigley,gshrigleyrp@barnesandnoble.com
999,Gregorius,Sherrott,gsherrottrq@boston.com
1000,Winni,Meekings,wmeekingsrr@acquirethisname.com
