1,Gordan,McQuirk,gmcquirk0@accuweather.com,5d581dcd5148282aebfe3636
2,Darda,Bradick,dbradick1@w3.org,5d581dcd5148282aebfe3634
3,Melloney,Peak,mpeak2@wikispaces.com,5d581dcd5148282aebfe3638
4,Laughton,Organ,lorgan3@gravatar.com,5d581dcd5148282aebfe363a
5,Berte,Barreau,bbarreau4@dailymail.co.uk,5d581dcd5148282aebfe3640
6,Tamara,Kibbel,tkibbel5@house.gov,5d581dcd5148282aebfe3632
7,Nisse,Sandeson,nsandeson6@statcounter.com,5d581dcd5148282aebfe363c
8,Cori,Yallowley,cyallowley7@hugedomains.com,5d581dcd5148282aebfe363e
9,Ferd,Dovydenas,fdovydenas8@canalblog.com,5d581dcd5148282aebfe3642
10,Louisette,Guyonnet,lguyonnet9@cbslocal.com,5d581dcd5148282aebfe3644
11,Vevay,Gamble,vgamblea@ustream.tv,5d581dcd5148282aebfe3646
12,Philippine,Matisoff,pmatisoffb@jigsy.com,5d581dcd5148282aebfe3648
13,Rasia,Arondel,rarondelc@irs.gov,5d581dcd5148282aebfe364a
14,Janela,Scowen,jscowend@prweb.com,5d581dcd5148282aebfe364c
15,Bethany,Napoleone,bnapoleonee@weather.com,5d581dcd5148282aebfe364e
16,Kaspar,De Bell,kdebellf@networkadvertising.org,5d581dcd5148282aebfe3650
17,Patrice,Shore,pshoreg@people.com.cn,5d581dcd5148282aebfe3652
18,Tadio,Trayte,ttrayteh@mozilla.com,5d581dcd5148282aebfe3654
19,Layton,Trevett,ltrevetti@live.com,5d581dcd5148282aebfe3656
20,Jesse,Menaul,jmenaulj@biglobe.ne.jp,5d581dcd5148282aebfe3658
21,Francesca,Surtees,fsurteesk@sina.com.cn,5d581dcd5148282aebfe365a
22,Kala,Madeley,kmadeleyl@engadget.com,5d581dcd5148282aebfe365c
23,Chrissie,Fardo,cfardom@lycos.com,5d581dcd5148282aebfe365e
24,Barnett,Pinwell,bpinwelln@simplemachines.org,5d581dcd5148282aebfe3660
25,Findley,Stevens,fstevenso@last.fm,5d581dcd5148282aebfe3662
26,Rowan,Carrabot,rcarrabotp@ihg.com,5d581dcd5148282aebfe3664
27,Mirilla,Lavies,mlaviesq@cmu.edu,5d581dcd5148282aebfe3666
28,Alfons,Raeside,araesider@cbslocal.com,5d581dcd5148282aebfe3668
29,Arline,Le Moucheux,alemoucheuxs@msu.edu,5d581dcd5148282aebfe366a
30,Rowan,Laidlow,rlaidlowt@rambler.ru,5d581dcd5148282aebfe366c
31,Gabriele,MacAlpin,gmacalpinu@smh.com.au,5d581dcd5148282aebfe366e
32,Daisy,Benoi,dbenoiv@umn.edu,5d581dcd5148282aebfe3670
33,Carmelita,Pittam,cpittamw@a8.net,5d581dcd5148282aebfe3672
34,Hanson,Gehrtz,hgehrtzx@google.cn,5d581dcd5148282aebfe3674
35,Blithe,Libbe,blibbey@businesswire.com,5d581dcd5148282aebfe3676
36,Emlynn,Wrigley,ewrigleyz@gizmodo.com,5d581dcd5148282aebfe3678
37,Jacinda,Thurlborn,jthurlborn10@unicef.org,5d581dcd5148282aebfe367a
38,Wylie,Avramov,wavramov11@etsy.com,5d581dcd5148282aebfe367c
39,Kip,Knoble,kknoble12@elegantthemes.com,5d581dcd5148282aebfe367e
40,Josiah,Kenwright,jkenwright13@ning.com,5d581dcd5148282aebfe3680
41,Ingrim,Sawell,isawell14@latimes.com,5d581dcd5148282aebfe3682
42,Gwyneth,Ravenscraft,gravenscraft15@foxnews.com,5d581dcd5148282aebfe3684
43,Rolland,Prest,rprest16@icio.us,5d581dcd5148282aebfe3686
44,Bastien,McCamish,bmccamish17@samsung.com,5d581dcd5148282aebfe3688
45,Luciano,Shalloe,lshalloe18@npr.org,5d581dcd5148282aebfe368a
46,Derk,Moatt,dmoatt19@miibeian.gov.cn,5d581dcd5148282aebfe368c
47,Christina,Canfer,ccanfer1a@bbc.co.uk,5d581dcd5148282aebfe368e
48,Marcela,Conant,mconant1b@npr.org,5d581dcd5148282aebfe3690
49,Adelbert,Potapczuk,apotapczuk1c@nymag.com,5d581dcd5148282aebfe3692
50,Rufe,Mewitt,rmewitt1d@redcross.org,5d581dcd5148282aebfe3694
51,Hunfredo,Cathrae,hcathrae1e@omniture.com,5d581dcd5148282aebfe3696
52,Engelbert,Triebner,etriebner1f@sfgate.com,5d581dcd5148282aebfe3698
53,Alicia,Reidshaw,areidshaw1g@cisco.com,5d581dcd5148282aebfe369a
54,Rayshell,Kelly,rkelly1h@economist.com,5d581dcd5148282aebfe369c
55,Buiron,Tripony,btripony1i@i2i.jp,5d581dcd5148282aebfe369e
56,Tyrus,Compford,tcompford1j@harvard.edu,5d581dcd5148282aebfe36a0
57,Jessamyn,Orford,jorford1k@ucoz.com,5d581dcd5148282aebfe36a2
58,Garrett,Pearne,gpearne1l@networksolutions.com,5d581dcd5148282aebfe36a4
59,Job,Cable,jcable1m@blinklist.com,5d581dcd5148282aebfe36a6
60,Erasmus,Summersby,esummersby1n@pbs.org,5d581dcd5148282aebfe36a8
61,Ailbert,Goeff,agoeff1o@businessinsider.com,5d581dcd5148282aebfe36aa
62,Felicdad,Giraudoux,fgiraudoux1p@usa.gov,5d581dcd5148282aebfe36ac
63,Melisande,Gleader,mgleader1q@xinhuanet.com,5d581dcd5148282aebfe36ae
64,Essy,Hanselman,ehanselman1r@foxnews.com,5d581dcd5148282aebfe36b0
65,Gillie,Cheshire,gcheshire1s@sourceforge.net,5d581dcd5148282aebfe36b2
66,Pat,Bonellie,pbonellie1t@prweb.com,5d581dcd5148282aebfe36b4
67,Delia,Bangley,dbangley1u@newsvine.com,5d581dcd5148282aebfe36b6
68,Charley,Vertigan,cvertigan1v@moonfruit.com,5d581dcd5148282aebfe36b8
69,Happy,Durbyn,hdurbyn1w@devhub.com,5d581dcd5148282aebfe36ba
70,Elli,Mitchelhill,emitchelhill1x@marriott.com,5d581dcd5148282aebfe36bc
71,Frances,Costar,fcostar1y@canalblog.com,5d581dcd5148282aebfe36be
72,Corrie,Battelle,cbattelle1z@berkeley.edu,5d581dcd5148282aebfe36c0
73,Meryl,Balden,mbalden20@xrea.com,5d581dcd5148282aebfe36c2
74,Vachel,Norgate,vnorgate21@posterous.com,5d581dcd5148282aebfe36c4
75,Brit,Munro,bmunro22@aboutads.info,5d581dcd5148282aebfe36c6
76,Prudi,Baxstair,pbaxstair23@sfgate.com,5d581dcd5148282aebfe36c8
77,Gladys,Grabbam,ggrabbam24@ocn.ne.jp,5d581dcd5148282aebfe36ca
78,Jordon,Bellelli,jbellelli25@rambler.ru,5d581dcd5148282aebfe36cc
79,Sylvia,Johns,sjohns26@quantcast.com,5d581dcd5148282aebfe36ce
80,Averyl,Lauga,alauga27@marketwatch.com,5d581dcd5148282aebfe36d0
81,Mic,Wisson,mwisson28@cam.ac.uk,5d581dcd5148282aebfe36d2
82,Merralee,Dymidowski,mdymidowski29@mac.com,5d581dcd5148282aebfe36d4
83,Ripley,Van Niekerk,rvanniekerk2a@salon.com,5d581dcd5148282aebfe36d6
84,Amandy,Vasquez,avasquez2b@360.cn,5d581dcd5148282aebfe36d8
85,Malissa,Ferenc,mferenc2c@gizmodo.com,5d581dcd5148282aebfe36da
86,Alexandr,Carson,acarson2d@princeton.edu,5d581dcd5148282aebfe36dc
87,Vere,Toderi,vtoderi2e@discuz.net,5d581dcd5148282aebfe36de
88,Wallace,Sheasby,wsheasby2f@nymag.com,5d581dcd5148282aebfe36e0
89,Cyndy,Lukes,clukes2g@craigslist.org,5d581dcd5148282aebfe36e2
90,Theodore,Brewins,tbrewins2h@amazon.co.jp,5d581dcd5148282aebfe36e4
91,Shayne,Schrei,sschrei2i@bloglines.com,5d581dcd5148282aebfe36e6
92,Celine,Shubotham,cshubotham2j@sakura.ne.jp,5d581dcd5148282aebfe36e8
93,Devland,Ebdin,debdin2k@whitehouse.gov,5d581dcd5148282aebfe36ea
94,Wally,Welford,wwelford2l@army.mil,5d581dcd5148282aebfe36ec
95,Irvine,Furnival,ifurnival2m@nymag.com,5d581dcd5148282aebfe36ee
96,Kincaid,O'Hickey,kohickey2n@java.com,5d581dcd5148282aebfe36f0
97,Merline,Dosdale,mdosdale2o@linkedin.com,5d581dcd5148282aebfe36f2
98,Gail,Riddiford,griddiford2p@wikimedia.org,5d581dcd5148282aebfe36f4
99,Stacey,Heintsch,sheintsch2q@cdbaby.com,5d581dcd5148282aebfe36f6
100,Adair,Van der Daal,avanderdaal2r@myspace.com,5d581dcd5148282aebfe36f8
101,Timmy,Dabernott,tdabernott2s@yellowbook.com,5d581dcd5148282aebfe36fa
102,Adolphus,Harrismith,aharrismith2t@dion.ne.jp,5d581dcd5148282aebfe36fc
103,Neysa,Canfield,ncanfield2u@surveymonkey.com,5d581dcd5148282aebfe36fe
104,Stearne,Harroway,sharroway2v@lycos.com,5d581dcd5148282aebfe3700
105,Jehanna,Loveman,jloveman2w@google.fr,5d581dcd5148282aebfe3702
106,Leslie,Grenkov,lgrenkov2x@cbslocal.com,5d581dcd5148282aebfe3704
107,Xavier,Stallworthy,xstallworthy2y@soup.io,5d581dcd5148282aebfe3706
108,Dominique,Daubney,ddaubney2z@google.it,5d581dcd5148282aebfe3708
109,Dayna,Yancey,dyancey30@irs.gov,5d581dcd5148282aebfe370a
110,Donni,Liggins,dliggins31@theguardian.com,5d581dcd5148282aebfe370c
111,Patrizia,Di Napoli,pdinapoli32@bbb.org,5d581dcd5148282aebfe370e
112,Thea,Leyshon,tleyshon33@cyberchimps.com,5d581dcd5148282aebfe3710
113,Ker,Franek,kfranek34@shareasale.com,5d581dcd5148282aebfe3712
114,Shauna,Pharoah,spharoah35@pcworld.com,5d581dcd5148282aebfe3714
115,Elsa,Caddy,ecaddy36@oakley.com,5d581dcd5148282aebfe3716
116,Darren,Portt,dportt37@macromedia.com,5d581dcd5148282aebfe3718
117,Orella,Pigny,opigny38@youtu.be,5d581dcd5148282aebfe371a
118,Etan,Pummery,epummery39@gov.uk,5d581dcd5148282aebfe371c
119,Gerrie,Ekkel,gekkel3a@mit.edu,5d581dcd5148282aebfe371e
120,Genvieve,Rubinsaft,grubinsaft3b@amazonaws.com,5d581dcd5148282aebfe3720
121,Peyton,Quinnelly,pquinnelly3c@independent.co.uk,5d581dcd5148282aebfe3722
122,Gavan,Jansky,gjansky3d@marriott.com,5d581dcd5148282aebfe3724
123,Winny,Wicken,wwicken3e@chron.com,5d581dcd5148282aebfe3726
124,Peta,Gauvin,pgauvin3f@chron.com,5d581dcd5148282aebfe3728
125,Otho,Skerman,oskerman3g@home.pl,5d581dcd5148282aebfe372a
126,Cynthy,Coil,ccoil3h@github.com,5d581dcd5148282aebfe372c
127,Hamish,Gartenfeld,hgartenfeld3i@google.com.hk,5d581dcd5148282aebfe372e
128,Leyla,Stone Fewings,lstonefewings3j@narod.ru,5d581dce5148282aebfe3730
129,Alyce,Dodsworth,adodsworth3k@bing.com,5d581dce5148282aebfe3736
130,Bebe,Talby,btalby3l@illinois.edu,5d581dce5148282aebfe3732
131,Arleen,Painten,apainten3m@auda.org.au,5d581dce5148282aebfe3734
132,Shae,Gamblin,sgamblin3n@geocities.com,5d581dce5148282aebfe3738
133,Phebe,Ivashchenko,pivashchenko3o@naver.com,5d581dce5148282aebfe373a
134,Hortensia,Boshere,hboshere3p@clickbank.net,5d581dce5148282aebfe373e
135,Shalne,Barhams,sbarhams3q@list-manage.com,5d581dce5148282aebfe3740
136,Lorraine,Stolz,lstolz3r@reference.com,5d581dce5148282aebfe373c
137,Jaclyn,Baldam,jbaldam3s@si.edu,5d581dce5148282aebfe3742
138,Guenevere,Berridge,gberridge3t@parallels.com,5d581dce5148282aebfe3744
139,Ewell,Drakers,edrakers3u@answers.com,5d581dce5148282aebfe3748
140,Winnie,Impett,wimpett3v@4shared.com,5d581dce5148282aebfe3746
141,David,Oguz,doguz3w@de.vu,5d581dce5148282aebfe374a
142,Madonna,Royce,mroyce3x@indiatimes.com,5d581dce5148282aebfe374c
143,Emlyn,Parkman,eparkman3y@reddit.com,5d581dce5148282aebfe374e
144,Louis,Whytock,lwhytock3z@springer.com,5d581dce5148282aebfe3752
145,Ertha,Franciottoi,efranciottoi40@godaddy.com,5d581dce5148282aebfe3754
146,Taffy,Arguile,targuile41@ucla.edu,5d581dce5148282aebfe3750
147,Bethena,Pionter,bpionter42@naver.com,5d581dce5148282aebfe3756
148,Ade,Dredge,adredge43@google.com.br,5d581dce5148282aebfe3758
149,Gal,Oscroft,goscroft44@mozilla.com,5d581dce5148282aebfe375c
150,Trudie,Ealden,tealden45@telegraph.co.uk,5d581dce5148282aebfe375a